,TWAP Benchmark Cost,VWAP Benchmark Cost,RL_strategy_cost
0,0.0023717446831659893,0.00029780961397585324,0.03319204157500719
